ImageName,Rating
7a.jpg,2
83a.jpg,1
95a.jpg,1
76b.jpg,9
56a.jpg,2
118a.jpg,4
40a.jpg,5
114b.jpg,8
17a.jpg,3
7b.jpg,6
83b.jpg,6
95b.jpg,7
76a.jpg,2
56b.jpg,6
40b.jpg,8
118b.jpg,7
114a.jpg,6
17b.jpg,8
16b.jpg,8
115a.jpg,1
41b.jpg,7
57b.jpg,6
154a.jpg,1
77a.jpg,3
94b.jpg,6
20a.jpg,5
36a.jpg,1
61a.jpg,1
82b.jpg,6
6b.jpg,8
16a.jpg,2
115b.jpg,7
41a.jpg,2
57a.jpg,1
154b.jpg,8
77b.jpg,9
94a.jpg,4
20b.jpg,7
36b.jpg,8
61b.jpg,9
82a.jpg,2
6a.jpg,1
1b.jpg,6
66a.jpg,2
89a.jpg,1
165b.jpg,8
31a.jpg,3
186a.jpg,2
27a.jpg,1
190a.jpg,6
93b.jpg,7
70a.jpg,2
153a.jpg,4
50b.jpg,8
108b.jpg,9
46b.jpg,6
112a.jpg,1
1a.jpg,1
66b.jpg,6
89b.jpg,8
165a.jpg,3
31b.jpg,6
186b.jpg,7
27b.jpg,5
190b.jpg,7
93a.jpg,3
70b.jpg,6
153b.jpg,7
108a.jpg,2
50a.jpg,1
46a.jpg,1
112b.jpg,5
148a.jpg,1
10a.jpg,3
113b.jpg,4
47a.jpg,1
109a.jpg,3
152b.jpg,6
71b.jpg,9
92a.jpg,1
191b.jpg,7
30b.jpg,8
187b.jpg,7
67b.jpg,6
88b.jpg,5
10b.jpg,6
148b.jpg,3
113a.jpg,1
47b.jpg,8
109b.jpg,8
152a.jpg,6
71a.jpg,5
92b.jpg,7
191a.jpg,1
30a.jpg,2
187a.jpg,3
67a.jpg,4
88a.jpg,2
147a.jpg,6
13b.jpg,7
48a.jpg,3
110a.jpg,1
44b.jpg,7
52b.jpg,9
192a.jpg,2
171b.jpg,7
33a.jpg,1
188b.jpg,8
64a.jpg,4
3b.jpg,6
68b.jpg,7
147b.jpg,9
13a.jpg,6
110b.jpg,6
48b.jpg,9
44a.jpg,5
52a.jpg,5
192b.jpg,6
171a.jpg,2
33b.jpg,6
188a.jpg,4
64b.jpg,9
3a.jpg,1
68a.jpg,2
2a.jpg,3
65b.jpg,8
185b.jpg,8
32b.jpg,9
193b.jpg,9
24b.jpg,9
90a.jpg,3
73b.jpg,7
53a.jpg,6
107b.jpg,9
45a.jpg,2
111b.jpg,6
49b.jpg,6
2b.jpg,8
65a.jpg,2
185a.jpg,3
32a.jpg,1
193a.jpg,1
24a.jpg,1
90b.jpg,8
73a.jpg,2
53b.jpg,7
107a.jpg,1
45b.jpg,9
49a.jpg,7
111a.jpg,4
19b.jpg,7
116b.jpg,9
42a.jpg,4
54a.jpg,3
74b.jpg,9
120a.jpg,5
194b.jpg,7
23b.jpg,9
182b.jpg,9
35b.jpg,9
9b.jpg,9
62b.jpg,9
81a.jpg,1
5a.jpg,1
19a.jpg,3
116a.jpg,2
42b.jpg,7
54b.jpg,9
74a.jpg,3
120b.jpg,8
194a.jpg,2
23a.jpg,1
182a.jpg,1
35a.jpg,1
9a.jpg,1
62a.jpg,6
81b.jpg,7
5b.jpg,6
4b.jpg,5
80b.jpg,8
8a.jpg,1
63a.jpg,1
38b.jpg,8
34a.jpg,2
22a.jpg,1
55b.jpg,7
59a.jpg,3
14b.jpg,7
18a.jpg,8
4a.jpg,3
80a.jpg,4
8b.jpg,7
63b.jpg,7
38a.jpg,5
34b.jpg,8
22b.jpg,9
55a.jpg,1
59b.jpg,9
14a.jpg,7
18b.jpg,8
